{"mission":{"race":{"chl":[{"z":88.17799377441406,"y":7586.49755859375,"x":11455.005859375},{"z":93.43668365478516,"y":7724.31103515625,"x":11208.828125},{"z":151.10780334472657,"y":6741.2841796875,"x":12853.857421875},{"z":52.75441360473633,"y":6420.30859375,"x":11721.3232421875}],"chs":[1.25,1.25,1.0,1.0],"chp":4},"dhprop":{"bits":[],"no":0,"pos":[],"mn":[]},"prop":{"prpclr":[],"head":[],"model":[],"no":0,"loc":[],"vRot":[]}}}